GSE,Sample_accesion,SRR_v3,SRR_playwright,compare
GSE138669,GSM4115868,SRR10254548,SRR10254548,exact_match
GSE138669,GSM4115870,SRR10254550,SRR10254550,exact_match
GSE138669,GSM4115872,SRR10254552,SRR10254552,exact_match
GSE138669,GSM4115874,SRR10254554,SRR10254554,exact_match
GSE138669,GSM4115875,SRR10254555,SRR10254555,exact_match
GSE138669,GSM4115876,SRR10254556,SRR10254556,exact_match
GSE130973,GSM3758115,SRR9036396,SRR9036396,exact_match
GSE130973,GSM3758116,SRR9036397,SRR9036397,exact_match
GSE130973,GSM3758117,SRR9036398,SRR9036398,exact_match
GSE130973,GSM3758118,SRR9036399,SRR9036399,exact_match
GSE130973,GSM3758119,SRR9036400,SRR9036400,exact_match
GSE274955,GSM8462811,SRR30256653,SRR30256653,exact_match
GSE274955,GSM8462814,SRR30256650,SRR30256650,exact_match
GSE274955,GSM8462812,SRR30256652,SRR30256652,exact_match
GSE274955,GSM8462815,SRR30256649,SRR30256649,exact_match
GSE274955,GSM8462813,SRR30256651,SRR30256651,exact_match
GSE274955,GSM8462816,SRR30256648,SRR30256648,exact_match
GSE176415,GSM5364333,"SRR14762238, SRR14762239",SRR14762238 SRR14762239,exact_match
GSE176415,GSM5364334,"SRR14762240, SRR14762241",SRR14762240 SRR14762241,exact_match
GSE176415,GSM5364335,"SRR14762242, SRR14762243",SRR14762242 SRR14762243,exact_match
GSE176415,GSM5364336,"SRR14762244, SRR14762245",SRR14762244 SRR14762245,exact_match
GSE176415,GSM5364337,nan,SRR14762246 SRR14762247,only_in_playwright
GSE176415,GSM5364338,nan,SRR14762248 SRR14762250,only_in_playwright
GSE176415,GSM5364339,nan,SRR14762251 SRR14762252,only_in_playwright
GSE218170,GSM6735856,SRR22293554,SRR22293554,exact_match
GSE218170,GSM6735857,SRR22293553,SRR22293553,exact_match
GSE218170,GSM6735858,nan,SRR22293549,only_in_playwright
GSE218170,GSM6735859,nan,SRR22293551,only_in_playwright
GSE218170,GSM6735860,nan,SRR22293548,only_in_playwright
GSE218170,GSM6735861,nan,SRR22293552,only_in_playwright
GSE218170,GSM6735862,nan,SRR22293547,only_in_playwright
GSE218170,GSM6735863,nan,SRR22293546,only_in_playwright
GSE218170,GSM6735864,nan,SRR22293545,only_in_playwright
GSE218170,GSM6735865,nan,SRR22293544,only_in_playwright
GSE218170,GSM6735866,nan,SRR22293550,only_in_playwright
GSE207335,GSM6284671,SRR19918329,SRR19918329,exact_match
GSE207335,GSM6284672,SRR19918328,SRR19918328,exact_match
GSE207336,GSM6284673,SRR19917888,SRR19917888,exact_match
GSE183031,GSM5549903,"SRR15668554, SRR15668555, SRR15668556, SRR15668557",SRR15668554 SRR15668555 SRR15668556 SRR15668557,exact_match
GSE183031,GSM5549904,"SRR15668558, SRR15668559, SRR15668560, SRR15668561",SRR15668558 SRR15668559 SRR15668560 SRR15668561,exact_match
GSE183031,GSM5549905,"SRR15668562, SRR15668563, SRR15668564, SRR15668565",SRR15668562 SRR15668563 SRR15668564 SRR15668565,exact_match
GSE183031,GSM5549906,nan,SRR15668566 SRR15668567 SRR15668568 SRR15668569,only_in_playwright
GSE180885,GSM5474333,nan,,both_empty
GSE180885,GSM5474334,nan,,both_empty
GSE180885,GSM5474335,nan,,both_empty
GSE180885,GSM5474336,nan,,both_empty
GSE180885,GSM5474337,nan,,both_empty
GSE180885,GSM5474338,nan,,both_empty
GSE180885,GSM5474339,nan,,both_empty
GSE128531,GSM3679033,nan,,both_empty
GSE128531,GSM3679034,nan,,both_empty
GSE128531,GSM3679035,nan,,both_empty
GSE128531,GSM3679036,nan,,both_empty
GSE128531,GSM3679037,nan,,both_empty
GSE128531,GSM3679038,SRR19656456,,missing_in_playwright
GSE128531,GSM3679039,SRR19656455,,missing_in_playwright
GSE128531,GSM3679040,SRR19656454,,missing_in_playwright
GSE128531,GSM3679041,SRR19656453,,missing_in_playwright
GSE156326,GSM4729097,nan,,both_empty
GSE156326,GSM4729098,nan,,both_empty
GSE156326,GSM4729099,nan,,both_empty
GSE156326,GSM4729100,nan,,both_empty
GSE156326,GSM4729101,nan,,both_empty
GSE156326,GSM4729102,nan,,both_empty
GSE173205,GSM5261803 ,nan,,both_empty
GSE173205,GSM5261804 ,nan,,both_empty
GSE173205,GSM5261805 ,nan,,both_empty
GSE173205,GSM5261806 ,nan,,both_empty
GSE173205,GSM5261807 ,nan,,both_empty
GSE173205,GSM5261808 ,nan,,both_empty
GSE173205,GSM5261809 ,nan,,both_empty
GSE173205,GSM5261810 ,nan,,both_empty
GSE173205,GSM5261811 ,nan,,both_empty
GSE173205,GSM5261812 ,nan,,both_empty
GSE173205,GSM5261813 ,nan,,both_empty
GSE173205,GSM5534578 ,nan,,both_empty
GSE173205,GSM5534579 ,nan,,both_empty
GSE173205,GSM5534580 ,nan,,both_empty
GSE173205,GSM5534581 ,nan,,both_empty
GSE173205,GSM5534582 ,nan,,both_empty
GSE173205,GSM5534583 ,nan,,both_empty
GSE173205,GSM5534584 ,nan,,both_empty
GSE173205,GSM5534585 ,nan,,both_empty
GSE173205,GSM5534586 ,nan,,both_empty
GSE173205,GSM5534587 ,nan,,both_empty
GSE173205,GSM5534588 ,nan,,both_empty
GSE173205,GSM5534589 ,nan,,both_empty
GSE173205,GSM5534590 ,nan,,both_empty
GSE173205,GSM5534591 ,nan,,both_empty
GSE173205,GSM5534592 ,nan,,both_empty
GSE173205,GSM5534593 ,nan,,both_empty
GSE281449,GSM8620929,nan,,both_empty
GSE281449,GSM8620930,nan,,both_empty
GSE281449,GSM8620931,nan,,both_empty
GSE281449,GSM8620932,nan,,both_empty
GSE281449,GSM8620933,nan,,both_empty
GSE281449,GSM8620934,nan,,both_empty
GSE165816,GSM5050521 ,nan,,both_empty
GSE165816,GSM5050534 ,nan,,both_empty
GSE165816,GSM5050538 ,nan,,both_empty
GSE165816,GSM5050540 ,nan,,both_empty
GSE165816,GSM5050542 ,nan,,both_empty
GSE165816,GSM5050548 ,nan,,both_empty
GSE165816,GSM5050552 ,nan,,both_empty
GSE165816,GSM5050553 ,nan,,both_empty
GSE165816,GSM5050555 ,nan,,both_empty
GSE165816,GSM5050556 ,nan,,both_empty
GSE165816,GSM5050560 ,nan,,both_empty
GSE165816,GSM5050564 ,nan,,both_empty
GSE165816,GSM5050567 ,nan,,both_empty
GSE165816,GSM5050568 ,nan,,both_empty
GSE165816,GSM5050574 ,nan,,both_empty
GSE165816,GSM5050522 ,nan,,both_empty
GSE165816,GSM5050524 ,nan,,both_empty
GSE165816,GSM5050525 ,nan,,both_empty
GSE165816,GSM5050526 ,nan,,both_empty
GSE165816,GSM5050528 ,nan,,both_empty
GSE165816,GSM5050529 ,nan,,both_empty
GSE165816,GSM5050562 ,nan,,both_empty
GSE165816,GSM5050565 ,nan,,both_empty
GSE165816,GSM5050570 ,nan,,both_empty
GSE165816,GSM5050572 ,nan,,both_empty
GSE165816,GSM5050523 ,nan,,both_empty
GSE165816,GSM5050527 ,nan,,both_empty
GSE165816,GSM5050531 ,nan,,both_empty
GSE165816,GSM5050532 ,nan,,both_empty
GSE165816,GSM5050536 ,nan,,both_empty
GSE165816,GSM5050537 ,nan,,both_empty
GSE165816,GSM5050539 ,nan,,both_empty
GSE165816,GSM5050541 ,nan,,both_empty
GSE165816,GSM5050547 ,nan,,both_empty
GSE165816,GSM5050566 ,nan,,both_empty
GSE165816,GSM5050569 ,nan,,both_empty
GSE165816,GSM5050573 ,nan,,both_empty
GSE165816,GSM5050530 ,nan,,both_empty
GSE165816,GSM5050533 ,nan,,both_empty
GSE165816,GSM5050535 ,nan,,both_empty
GSE165816,GSM5050557 ,nan,,both_empty
GSE165816,GSM5050558 ,nan,,both_empty
GSE165816,GSM5050559 ,nan,,both_empty
GSE165816,GSM5050563 ,nan,,both_empty
GSE175990,GSM5352392,nan,SRR14711060,only_in_playwright
GSE175990,GSM5352393,nan,SRR14711061,only_in_playwright
GSE175990,GSM5352394,nan,SRR14711062,only_in_playwright
GSE175990,GSM5352395,nan,SRR14711063,only_in_playwright
GSE195452,GSM5837302,nan,SRR17762893,only_in_playwright
GSE195452,GSM5837244,nan,SRR17763282,only_in_playwright
GSE195452,GSM5837119,nan,SRR17763052,only_in_playwright
GSE195452,GSM5837246,nan,SRR17763284,only_in_playwright
GSE195452,GSM5837473,nan,SRR17763130,only_in_playwright
GSE195452,GSM5837488,nan,SRR17763145,only_in_playwright
GSE195452,GSM5837623,nan,SRR17763376,only_in_playwright
GSE195452,GSM5837676,nan,SRR17762982,only_in_playwright
GSE195452,GSM5837697,nan,SRR17763003,only_in_playwright
GSE195452,GSM5837249,nan,SRR17763287,only_in_playwright
GSE195452,GSM5837252,nan,SRR17763290,only_in_playwright
GSE195452,GSM5837256,nan,SRR17763294,only_in_playwright
GSE195452,GSM5837259,nan,SRR17762850,only_in_playwright
GSE195452,GSM5837279,nan,SRR17762870,only_in_playwright
GSE195452,GSM5837280,nan,SRR17762871,only_in_playwright
GSE195452,GSM5837319,nan,SRR17762910,only_in_playwright
GSE195452,GSM5837519,nan,SRR17763176,only_in_playwright
GSE195452,GSM5837528,nan,SRR17763185,only_in_playwright
GSE195452,GSM5837323,nan,SRR17762914,only_in_playwright
GSE195452,GSM5837325,nan,SRR17762916,only_in_playwright
GSE195452,GSM5837315,nan,SRR17762906,only_in_playwright
GSE195452,GSM5837317,nan,SRR17762908,only_in_playwright
GSE195452,GSM5837313,nan,SRR17762904,only_in_playwright
GSE195452,GSM5837391,nan,SRR17763432,only_in_playwright
GSE195452,GSM5837392,nan,SRR17763433,only_in_playwright
GSE195452,GSM5837393,nan,SRR17763434,only_in_playwright
GSE195452,GSM5837346,nan,SRR17762937,only_in_playwright
GSE195452,GSM5837349,nan,SRR17762940,only_in_playwright
GSE195452,GSM5837359,nan,SRR17763397,only_in_playwright
GSE195452,GSM5837370,nan,SRR17763411,only_in_playwright
GSE195452,GSM5837371,nan,SRR17763412,only_in_playwright
GSE195452,GSM5837443,nan,SRR17763484,only_in_playwright
GSE195452,GSM5837444,nan,SRR17763485,only_in_playwright
GSE195452,GSM5837479,nan,SRR17763136,only_in_playwright
GSE195452,GSM5837482,nan,SRR17763139,only_in_playwright
GSE195452,GSM5837510,nan,SRR17763167,only_in_playwright
GSE195452,GSM5837483,nan,SRR17763140,only_in_playwright
GSE195452,GSM5837513,nan,SRR17763170,only_in_playwright
GSE195452,GSM5837481,nan,SRR17763138,only_in_playwright
GSE195452,GSM5837512,nan,SRR17763169,only_in_playwright
GSE195452,GSM5837152,nan,SRR17763085,only_in_playwright
GSE195452,GSM5837549,nan,SRR17763302,only_in_playwright
GSE195452,GSM5837573,nan,SRR17763326,only_in_playwright
GSE195452,GSM5837582,nan,SRR17763335,only_in_playwright
GSE195452,GSM5837154,nan,SRR17763087,only_in_playwright
GSE195452,GSM5837567,nan,SRR17763320,only_in_playwright
GSE195452,GSM5837574,nan,SRR17763327,only_in_playwright
GSE195452,GSM5837589,nan,SRR17763342,only_in_playwright
GSE195452,GSM5837595,nan,SRR17763348,only_in_playwright
GSE195452,GSM5837590,nan,SRR17763343,only_in_playwright
GSE195452,GSM5837597,nan,SRR17763350,only_in_playwright
GSE195452,GSM5837600,nan,SRR17763353,only_in_playwright
GSE195452,GSM5837603,nan,SRR17763356,only_in_playwright
GSE195452,GSM5837610,nan,SRR17763363,only_in_playwright
GSE195452,GSM5837615,nan,SRR17763368,only_in_playwright
GSE195452,GSM5837612,nan,SRR17763365,only_in_playwright
GSE195452,GSM5837617,nan,SRR17763370,only_in_playwright
GSE195452,GSM5837626,nan,SRR17763379,only_in_playwright
GSE195452,GSM5837627,nan,SRR17763380,only_in_playwright
GSE195452,GSM5837633,nan,SRR17763386,only_in_playwright
GSE195452,GSM5837648,nan,SRR17762954,only_in_playwright
GSE195452,GSM5837649,nan,SRR17762955,only_in_playwright
GSE195452,GSM5837656,nan,SRR17762962,only_in_playwright
GSE195452,GSM5837657,nan,SRR17762963,only_in_playwright
GSE195452,GSM5837658,nan,SRR17762964,only_in_playwright
GSE195452,GSM5837672,nan,SRR17762978,only_in_playwright
GSE195452,GSM5837681,nan,SRR17762987,only_in_playwright
GSE195452,GSM5837680,nan,SRR17762986,only_in_playwright
GSE195452,GSM5837679,nan,SRR17762985,only_in_playwright
GSE195452,GSM5837686,nan,SRR17762992,only_in_playwright
GSE195452,GSM5837696,nan,SRR17763002,only_in_playwright
GSE195452,GSM5837692,nan,SRR17762998,only_in_playwright
GSE195452,GSM5837690,nan,SRR17762996,only_in_playwright
GSE195452,GSM5837695,nan,SRR17763001,only_in_playwright
GSE195452,GSM5837694,nan,SRR17763000,only_in_playwright
GSE195452,GSM5837693,nan,SRR17762999,only_in_playwright
GSE195452,GSM5836979,nan,SRR17762753,only_in_playwright
GSE195452,GSM5836989,nan,SRR17762763,only_in_playwright
GSE195452,GSM5837054,nan,SRR17762828,only_in_playwright
GSE195452,GSM5836981,nan,SRR17762755,only_in_playwright
GSE195452,GSM5837014,nan,SRR17762788,only_in_playwright
GSE195452,GSM5837040,nan,SRR17762814,only_in_playwright
GSE195452,GSM5836983,nan,SRR17762757,only_in_playwright
GSE195452,GSM5836984,nan,SRR17762758,only_in_playwright
GSE195452,GSM5836991,nan,SRR17762765,only_in_playwright
GSE195452,GSM5837070,nan,SRR17762844,only_in_playwright
GSE195452,GSM5837079,nan,SRR17763012,only_in_playwright
GSE195452,GSM5837103,nan,SRR17763036,only_in_playwright
GSE195452,GSM5837113,nan,SRR17763046,only_in_playwright
GSE195452,GSM5837114,nan,SRR17763047,only_in_playwright
GSE195452,GSM5837115,nan,SRR17763048,only_in_playwright
GSE195452,GSM5837261,nan,SRR17762852,only_in_playwright
GSE195452,GSM5837264,nan,SRR17762855,only_in_playwright
GSE195452,GSM5837217,nan,SRR17763255,only_in_playwright
GSE195452,GSM5837215,nan,SRR17763253,only_in_playwright
GSE195452,GSM5837229,nan,SRR17763267,only_in_playwright
GSE195452,GSM5837242,nan,SRR17763280,only_in_playwright
GSE195452,GSM5837267,nan,SRR17762858,only_in_playwright
GSE195452,GSM5837266,nan,SRR17762857,only_in_playwright
GSE195452,GSM5837271,nan,SRR17762862,only_in_playwright
GSE195452,GSM5837272,nan,SRR17762863,only_in_playwright
GSE195452,GSM5837276,nan,SRR17762867,only_in_playwright
GSE195452,GSM5837274,nan,SRR17762865,only_in_playwright
GSE195452,GSM5837584,nan,SRR17763337,only_in_playwright
GSE195452,GSM5837596,nan,SRR17763349,only_in_playwright
GSE195452,GSM5837330,nan,SRR17762921,only_in_playwright
GSE195452,GSM5837332,nan,SRR17762923,only_in_playwright
GSE195452,GSM5837329,nan,SRR17762920,only_in_playwright
GSE195452,GSM5837363,nan,,both_empty
GSE195452,GSM5837384,nan,,both_empty
GSE195452,GSM5837180,nan,,both_empty
GSE195452,GSM5837181,nan,,both_empty
GSE195452,GSM5837375,nan,,both_empty
GSE195452,GSM5837376,nan,,both_empty
GSE195452,GSM5837386,nan,,both_empty
GSE195452,GSM5837387,nan,,both_empty
GSE195452,GSM5837394,nan,,both_empty
GSE195452,GSM5837395,nan,,both_empty
GSE195452,GSM5837396,nan,,both_empty
GSE195452,GSM5837397,nan,,both_empty
GSE195452,GSM5837402,nan,,both_empty
GSE195452,GSM5837403,nan,,both_empty
GSE195452,GSM5837404,nan,,both_empty
GSE195452,GSM5837408,nan,,both_empty
GSE195452,GSM5837416,nan,,both_empty
GSE195452,GSM5837415,nan,,both_empty
GSE195452,GSM5837418,nan,,both_empty
GSE195452,GSM5837419,nan,,both_empty
GSE195452,GSM5837421,nan,,both_empty
GSE195452,GSM5837422,nan,,both_empty
GSE195452,GSM5837432,nan,,both_empty
GSE195452,GSM5837433,nan,,both_empty
GSE195452,GSM5837434,nan,,both_empty
GSE195452,GSM5837436,nan,,both_empty
GSE195452,GSM5837437,nan,,both_empty
GSE195452,GSM5837438,nan,,both_empty
GSE195452,GSM5837440,nan,,both_empty
GSE195452,GSM5837441,nan,,both_empty
GSE195452,GSM5837484,nan,,both_empty
GSE195452,GSM5837492,nan,,both_empty
GSE195452,GSM5837476,nan,,both_empty
GSE195452,GSM5837486,nan,,both_empty
GSE195452,GSM5837487,nan,,both_empty
GSE195452,GSM5837504,nan,,both_empty
GSE195452,GSM5836994,nan,,both_empty
GSE195452,GSM5836995,nan,,both_empty
GSE195452,GSM5837005,nan,,both_empty
GSE195452,GSM5837006,nan,,both_empty
GSE195452,GSM5837047,nan,,both_empty
GSE195452,GSM5837049,nan,,both_empty
GSE195452,GSM5837052,nan,,both_empty
GSE195452,GSM5837468,nan,,both_empty
GSE195452,GSM5837469,nan,,both_empty
GSE195452,GSM5837470,nan,,both_empty
GSE195452,GSM5837474,nan,,both_empty
GSE195452,GSM5837491,nan,,both_empty
GSE195452,GSM5837614,nan,,both_empty
GSE195452,GSM5837493,nan,,both_empty
GSE195452,GSM5837494,nan,,both_empty
GSE195452,GSM5837505,nan,,both_empty
GSE195452,GSM5837495,nan,,both_empty
GSE195452,GSM5837496,nan,,both_empty
GSE195452,GSM5837497,nan,,both_empty
GSE195452,GSM5837524,nan,,both_empty
GSE195452,GSM5837526,nan,,both_empty
GSE195452,GSM5837518,nan,,both_empty
GSE195452,GSM5837527,nan,,both_empty
GSE195452,GSM5837585,nan,,both_empty
GSE195452,GSM5837586,nan,,both_empty
GSE195452,GSM5837587,nan,,both_empty
GSE195452,GSM5837593,nan,,both_empty
GSE195452,GSM5837634,nan,,both_empty
GSE195452,GSM5837635,nan,,both_empty
GSE195452,GSM5837660,nan,,both_empty
GSE195452,GSM5837650,nan,,both_empty
GSE195452,GSM5837651,nan,,both_empty
GSE195452,GSM5837654,nan,,both_empty
GSE195452,GSM5837665,nan,,both_empty
GSE195452,GSM5837668,nan,,both_empty
GSE195452,GSM5837673,nan,,both_empty
GSE195452,GSM5837669,nan,,both_empty
GSE195452,GSM5837675,nan,,both_empty
GSE195452,GSM5837670,nan,,both_empty
GSE195452,GSM5837677,nan,,both_empty
GSE195452,GSM5837678,nan,,both_empty
GSE195452,GSM5837060,nan,,both_empty
GSE195452,GSM5837064,nan,,both_empty
GSE195452,GSM5837067,nan,,both_empty
GSE195452,GSM5837058,nan,,both_empty
GSE195452,GSM5837059,nan,,both_empty
GSE195452,GSM5837063,nan,,both_empty
GSE195452,GSM5837065,nan,,both_empty
GSE195452,GSM5837068,nan,,both_empty
GSE195452,GSM5837125,nan,,both_empty
GSE195452,GSM5837121,nan,,both_empty
GSE195452,GSM5837130,nan,,both_empty
GSE195452,GSM5837159,nan,,both_empty
GSE195452,GSM5837141,nan,,both_empty
GSE195452,GSM5837142,nan,,both_empty
GSE195452,GSM5837126,nan,,both_empty
GSE195452,GSM5837163,nan,,both_empty
GSE195452,GSM5837085,nan,,both_empty
GSE195452,GSM5837171,nan,,both_empty
GSE195452,GSM5837172,nan,,both_empty
GSE195452,GSM5837238,nan,,both_empty
GSE195452,GSM5837498,nan,,both_empty
GSE195452,GSM5837508,nan,,both_empty
GSE195452,GSM5837233,nan,,both_empty
GSE195452,GSM5837269,nan,,both_empty
GSE195452,GSM5837278,nan,,both_empty
GSE195452,GSM5837300,nan,,both_empty
GSE195452,GSM5837297,nan,,both_empty
GSE195452,GSM5837310,nan,,both_empty
GSE195452,GSM5837364,nan,,both_empty
GSE195452,GSM5837385,nan,,both_empty
GSE195452,GSM5837406,nan,,both_empty
GSE195452,GSM5837411,nan,,both_empty
GSE195452,GSM5837412,nan,,both_empty
GSE195452,GSM5837543,nan,,both_empty
GSE195452,GSM5837544,nan,,both_empty
GSE195452,GSM5837628,nan,,both_empty
GSE195452,GSM5837632,nan,,both_empty
GSE195452,GSM5837321,nan,,both_empty
GSE195452,GSM5837322,nan,,both_empty
GSE195452,GSM5837305,nan,,both_empty
GSE195452,GSM5837308,nan,,both_empty
GSE195452,GSM5837327,nan,,both_empty
GSE195452,GSM5837652,nan,,both_empty
GSE195452,GSM5837653,nan,,both_empty
GSE195452,GSM5837591,nan,,both_empty
GSE195452,GSM5837592,nan,,both_empty
GSE195452,GSM5837594,nan,,both_empty
GSE195452,GSM5837638,nan,,both_empty
GSE195452,GSM5837343,nan,,both_empty
GSE195452,GSM5837344,nan,,both_empty
GSE195452,GSM5837347,nan,,both_empty
GSE195452,GSM5837357,nan,,both_empty
GSE195452,GSM5837351,nan,,both_empty
GSE195452,GSM5837352,nan,,both_empty
GSE195452,GSM5837354,nan,,both_empty
GSE195452,GSM5837355,nan,,both_empty
GSE195452,GSM5837361,nan,,both_empty
GSE195452,GSM5837516,nan,,both_empty
GSE195452,GSM5837523,nan,,both_empty
GSE195452,GSM5837367,nan,,both_empty
GSE195452,GSM5837368,nan,,both_empty
GSE195452,GSM5837373,nan,,both_empty
GSE195452,GSM5837378,nan,,both_empty
GSE195452,GSM5837407,nan,,both_empty
GSE195452,GSM5837446,nan,,both_empty
GSE195452,GSM5837447,nan,,both_empty
GSE195452,GSM5837449,nan,,both_empty
GSE195452,GSM5837477,nan,,both_empty
GSE195452,GSM5837478,nan,,both_empty
GSE195452,GSM5837490,nan,,both_empty
GSE195452,GSM5837536,nan,,both_empty
GSE195452,GSM5837537,nan,,both_empty
GSE195452,GSM5837538,nan,,both_empty
GSE195452,GSM5837539,nan,,both_empty
GSE195452,GSM5837540,nan,,both_empty
GSE195452,GSM5837541,nan,,both_empty
GSE195452,GSM5837554,nan,,both_empty
GSE195452,GSM5837555,nan,,both_empty
GSE195452,GSM5837578,nan,,both_empty
GSE195452,GSM5837604,nan,,both_empty
GSE195452,GSM5837609,nan,,both_empty
GSE195452,GSM5837619,nan,,both_empty
GSE195452,GSM5837639,nan,,both_empty
GSE195452,GSM5837605,nan,,both_empty
GSE195452,GSM5837606,nan,,both_empty
GSE195452,GSM5837616,nan,,both_empty
GSE195452,GSM5837602,nan,,both_empty
GSE195452,GSM5837618,nan,,both_empty
GSE195452,GSM5837637,nan,,both_empty
GSE195452,GSM5837625,nan,,both_empty
GSE195452,GSM5837629,nan,,both_empty
GSE195452,GSM5837630,nan,,both_empty
GSE195452,GSM5837688,nan,,both_empty
GSE195452,GSM5837689,nan,,both_empty
GSE195452,GSM5836987,nan,,both_empty
GSE195452,GSM5836992,nan,,both_empty
GSE195452,GSM5837009,nan,,both_empty
GSE195452,GSM5837020,nan,,both_empty
GSE195452,GSM5837023,nan,,both_empty
GSE195452,GSM5837034,nan,,both_empty
GSE195452,GSM5837035,nan,,both_empty
GSE195452,GSM5837024,nan,,both_empty
GSE195452,GSM5837027,nan,,both_empty
GSE195452,GSM5837041,nan,,both_empty
GSE195452,GSM5837044,nan,,both_empty
GSE195452,GSM5837096,nan,,both_empty
GSE195452,GSM5837102,nan,,both_empty
GSE195452,GSM5837106,nan,,both_empty
GSE195452,GSM5837100,nan,,both_empty
GSE195452,GSM5837090,nan,,both_empty
GSE195452,GSM5837092,nan,,both_empty
GSE195452,GSM5837093,nan,,both_empty
GSE195452,GSM5837193,nan,,both_empty
GSE195452,GSM5837194,nan,,both_empty
GSE195452,GSM5837195,nan,,both_empty
GSE195452,GSM5837196,nan,,both_empty
GSE195452,GSM5837197,nan,,both_empty
GSE150672,GSM4693360,nan,,both_empty
GSE150672,GSM4693361,nan,,both_empty
GSE150672,GSM4693362,nan,,both_empty
GSE150672,GSM4693363,nan,,both_empty
GSE150672,GSM4693364,nan,,both_empty
GSE150672,GSM4693365,nan,,both_empty
GSE150672,GSM4693366,nan,,both_empty
GSE150672,GSM4693367,nan,,both_empty
GSE150672,GSM4693368,nan,,both_empty
GSE150672,GSM4693369,nan,,both_empty
GSE150672,GSM4693370,nan,,both_empty
GSE150672,GSM4693371,nan,,both_empty
GSE150672,GSM4693372,nan,,both_empty
GSE150672,GSM4693373,nan,,both_empty
GSE150672,GSM4693374,nan,,both_empty
GSE150672,GSM4693375,nan,,both_empty
GSE150672,GSM4693376,nan,,both_empty
GSE150672,GSM4693378,nan,,both_empty
GSE150672,GSM4693380,nan,,both_empty
